A0,A1,A2,A3=E0,E1,E2,E3
9153,10178,74014,52515,46349,97510,26563
33250,47762,26231,64318,79691,4462,98576
19673,95662,1152,94162,59602,94738,80492
18603,64552,46894,17484,12355,86783,48507
65572,54946,24045,85843,32634,24850,69670
89420,9550,95084,50896,15763,41732,17165
21005,96133,81026,17895,67344,76262,84089
66623,12043,80155,62372,94341,32615,48353
74964,98545,92156,54601,86422,49544,32076
73293,4281,27797,99787,98689,39708,54390
54485,10853,3646,52773,39521,20359,44678
21876,33954,41494,81337,69778,80148,40650
87862,74921,20388,56075,12220,61637,88945
55191,65912,8831,34791,43364,17617,45883
58634,9469,62372,37087,42887,76365,66616
66519,13534,95281,52141,28696,50506,57729
57851,63172,6761,86555,2665,40743,21032
28456,45191,2412,56452,46396,26181,18531
92474,81374,71348,20490,70209,33490,39411
57851,63172,6761,86555,63714,50663,24963
74527,92163,20242,22879,21489,27822,78993
36356,82719,62905,7973,62851,37983,91387
92117,83963,8232,25826,90530,10919,99923
32089,69227,73083,80103,14928,15410,84179
66623,12043,80155,62372,59019,30735,34891
94369,56802,76885,1587,39558,51604,54437
40959,40765,14345,59718,19230,71059,63483
57851,63172,6761,86555,46036,59565,8551
7,68537,75072,44750,93258,15709,99518
55260,94997,49944,75876,62170,50047,85672
97829,21756,18700,75038,27275,98675,22328
19673,95662,1152,94162,4908,41375,34215
5411,33892,78959,21222,70347,77382,2488
86562,45860,83530,63529,42057,34974,4488
66519,13534,95281,52141,86200,98760,69943
56930,39273,57016,68686,61301,64438,68567
41536,82481,81862,620,7743,71162,4774
24335,77560,69560,55233,71788,68125,89760
58833,86907,84025,63805,47465,70663,71858
19673,95662,1152,94162,97046,2058,69263
86550,82288,20877,76437,7372,88748,41260
19673,95662,1152,94162,43010,37131,37394
97829,21756,18700,75038,22028,90222,43788
77938,26483,6033,65005,65794,44474,23855
13669,31515,23675,70390,55299,70011,84625
24358,81592,39522,24918,94626,13382,17294
15290,83458,45627,97384,73759,43473,91810
75165,39146,6622,55593,4318,90516,83940
46293,82205,29248,70171,25692,15540,97131
74798,52700,83464,28179,99203,29107,66338
52830,82155,80498,44637,35104,98187,32572
29425,8173,8879,47653,56233,81795,41456
24335,77560,69560,55233,46541,93570,64894
22225,51315,20344,58122,83898,65915,10137
55260,94997,49944,75876,11364,17294,60071
66519,13534,95281,52141,6503,54687,92640
5411,33892,78959,21222,78366,17051,32105
6277,29702,77332,64382,98931,51689,76269
76672,84875,61113,88328,6302,89648,58275
67654,45996,26465,35713,70941,99384,15032
24330,75854,57703,3409,71905,4292,14937
13256,67627,86903,32143,29505,36352,81962
14429,83477,18571,39092,35425,64029,73126
65242,67746,10722,2126,43390,63529,89792
84906,16309,57826,96498,13143,2716,72866
6478,51528,84562,76768,72598,13744,72733
5375,48707,54509,73020,47222,55787,15494
63419,77778,38283,10886,39294,92811,16213
66098,59280,10775,8107,73654,3071,26192
64922,97015,34080,94392,54431,39895,73022
14429,83477,18571,39092,32181,64806,40174
28456,45191,2412,56452,43322,12302,79252
77104,13316,71472,91069,73865,71321,47340
72995,5494,35379,56895,8227,5825,78598
57123,99074,7368,80425,88969,51242,58833
78923,16066,14547,50789,11767,3343,72978
54141,78024,51705,39751,92550,3194,88574
18603,64552,46894,17484,97518,69628,16566
89420,9550,95084,50896,14252,63104,66182
83167,66747,55285,75842,32351,79258,27633
47203,3241,18459,87021,21629,76227,19799
88015,88525,76558,13641,27134,76172,46276
72995,5494,35379,56895,7856,26821,10484
42644,34215,33039,39875,90606,96570,32108
66098,59280,10775,8107,76729,89277,16450
29554,38274,21846,92480,45685,31133,82947
77938,26483,6033,65005,31444,47883,13583
22225,51315,20344,58122,80712,73373,86393
55260,94997,49944,75876,28614,21989,19635
64201,15409,41883,32074,3577,33540,70782
86562,45860,83530,63529,37930,42149,78206
94369,56802,76885,1587,17383,47999,6335
84906,16309,57826,96498,98169,40242,67827
76672,84875,61113,88328,79716,14956,4347
52830,82155,80498,44637,38106,81793,22800
83167,66747,55285,75842,68891,20686,85976
56930,39273,57016,68686,44817,46714,21111
18584,14595,52710,75466,67878,79855,40562
24335,77560,69560,55233,91066,71336,37852
42644,34215,33039,39875,54937,7711,70141
25924,87129,10635,71112,57220,54392,96349
65002,11965,94715,47891,21694,91220,29867
66098,59280,10775,8107,97151,95532,50435
94246,95359,58154,45151,13014,49110,35703
11450,25278,18550,59076,40069,90340,29536
41536,82481,81862,620,49461,86990,21461
65242,67746,10722,2126,56531,56489,12161
6793,69387,7978,28783,68095,28712,16351
64922,97015,34080,94392,55285,72185,69541
94141,9758,89188,57075,45462,45134,19204
81386,2290,1917,12790,28120,64524,56158
63833,41404,14242,20765,74113,98498,80656
27921,33745,86600,48482,39588,79025,93772
35598,93950,31413,32989,58613,66416,73998
58833,86907,84025,63805,28323,41636,72115
64201,15409,41883,32074,83352,22299,86252
95834,1549,32198,35517,2550,79942,67005
69712,43014,91716,41001,14006,29259,99448
54485,10853,3646,52773,82940,94506,43089
73293,4281,27797,99787,18661,8379,47800
63605,55928,93955,78021,51658,10662,43414
76672,84875,61113,88328,37456,59985,85351
47203,3241,18459,87021,95826,58570,67812
18260,99885,85184,29425,23836,38703,35915
3866,41166,40371,90208,10782,75116,15542
7,68537,75072,44750,35056,68939,15625
57123,99074,7368,80425,62908,14918,7568
77104,13316,71472,91069,97076,68361,37920
76999,97200,69588,78768,88670,48952,27732
15746,74613,95149,7399,49785,39343,48447
63419,77778,38283,10886,17605,44598,86565
5411,33892,78959,21222,68766,28766,77500
25950,10399,42003,12439,70462,60460,51468
96005,36752,32898,47950,7609,79486,11327
14429,83477,18571,39092,1782,21028,4424
65242,67746,10722,2126,90721,11124,46631
94369,56802,76885,1587,6053,83639,28184
89420,9550,95084,50896,57414,83049,78163
97829,21756,18700,75038,7977,68146,57424
84906,16309,57826,96498,40589,24251,24488
94369,56802,76885,1587,69634,34044,95346
26745,42317,95878,23430,6801,14488,1053
11951,80201,14830,97226,86091,2943,90392
66519,13534,95281,52141,76598,87719,23854
47203,3241,18459,87021,84575,28045,31953
72995,5494,35379,56895,38252,25967,40561
18603,64552,46894,17484,25541,33201,89761
19673,95662,1152,94162,64982,72505,26013
